题名,作者,来源,发表时间,数据库,主题
高技术产业集聚能否助力低空经济高质量发展？,热依汗古丽·依沙克;睢党臣;吕心妍,技术经济与管理研究,2025-08-26,期刊,经济高质量发展
辽宁省低空经济高质量发展路径研究,刘震磊;赵慧敏;李月月;齐纪,中国工程咨询,2025-08-10,期刊,经济高质量发展
农垦低空经济高质量发展分析与建议,庄卫东;谢欣宇,中国农垦,2025-08-05,期刊,经济高质量发展
新质生产力视角下内蒙古低空经济高质量发展策略,其其格,当代县域经济,2025-07-28,期刊,经济高质量发展
双循环格局下沈阳低空经济高质量发展路径研究——基于产业生态系统的视角,薛君;白雪莲,商业经济,2025-07-25,期刊,经济高质量发展
人工智能时代低空经济高质量发展的挑战和应对策略,王淑鹤,产业创新研究,2025-07-22,期刊,经济高质量发展
低空经济高质量发展的财政支持政策研究 网络首发,胡宁宁;徐曼,科学与管理,2025-07-21 10:16,期刊,经济高质量发展
实数深度融合赋能低空经济高质量发展,张中宁,中国外资,2025-07-05,期刊,经济高质量发展
新质生产力视域下浙江低空经济高质量发展的路径探析,邱硕,观察与思考,2025-07-05,期刊,经济高质量发展
低空经济高质量发展治理体系研究,向勇;李长青,新经济导刊,2025-06-30,期刊,经济高质量发展
新质生产力驱动黑龙江省低空经济高质量发展,郗鹏,黑龙江国土资源,2025-06-28,期刊,经济高质量发展
低空经济高质量发展的难点、焦点与对策 网络首发,兰旭东,新疆师范大学学报(哲学社会科学版),2025-06-25 10:02,期刊,经济高质量发展
低空经济高质量发展的逻辑理路、现实困境与策略选择 网络首发,李铁华;范志烁,西昌学院学报(社会科学版),2025-06-11 16:26,期刊,经济高质量发展
苏州低空经济高质量发展路径研究,张俊杰;王铁铮;王春兰,通信企业管理,2025-06-10,期刊,经济高质量发展
低空经济高质量发展的国内外经验与启示,王兴萌,商业观察,2025-06-05,期刊,经济高质量发展
空域开放赋能低空经济高质量发展的挑战与应对 网络首发,贺富永;公理,西昌学院学报(社会科学版),2025-05-26 11:10,期刊,经济高质量发展
低空经济高质量发展的价值意蕴、内在逻辑与实践路径 网络首发 增强出版,沈占胜;崔佳旭,成都理工大学学报(社会科学版),2025-05-26 10:55,期刊,经济高质量发展
新质生产力视角下成都市低空经济高质量发展路径研究,商黎疆;肖怡然;杜鹏飞,经济研究导刊,2025-05-25,期刊,经济高质量发展
理据与图景：低空经济高质量发展的法治路径探究,李源辉;陈彤,兵团党校学报,2025-05-25,期刊,经济高质量发展
以低空经济赋能区域经济高质量发展——以武汉市硚口区为例,史转转;马任,学习月刊,2025-05-20,期刊,经济高质量发展
