title,date,url,content
"FAA Releases Updated Air Traffic Controller, Safety Inspector Hiring Plans","Thursday, August 7, 2025",https://www.faa.gov/newsroom/faa-releases-updated-air-traffic-controller-safety-inspector-hiring-plans,"WASHINGTON, D.C. — U.S. Transportation Secretary Sean P. Duffy released the FAA’s updated plans detailing how it will hire, train, and develop the best and the brightest air traffic controllers and aviation safety personnel. The plan accounts for ongoing innovation in our skies, including aircraft with innovative electric and hybrid systems, increased drone presence, growth in commercial space travel, and technology advancements such as artificial intelligence.    

By the numbers: Under the latest Air Traffic Controller Workforce Plan, the FAA anticipates hiring at least 8,900 new air traffic controllers through 2028, including 2,000 in 2025. The Aviation Safety Workforce Plan calls for hiring about 4,600 safety inspectors and engineers through 2034.   

“Under President Trump’s leadership, the USDOT isn’t just solving today’s problems. By looking ahead and planning for the future of transportation, we can ensure America remains the global aerospace leader,” said U.S. Transportation Secretary Sean P. Duffy. “Putting the best and brightest in our towers and in the field will allow us to make flying safer, reduce delays and cancellations, and bring about a Golden Age of travel.”   

“The aviation ecosystem is rapidly evolving and the FAA must adapt to unprecedented changes,” said FAA Administrator Bryan Bedford. “Our success depends on highly skilled and dedicated air traffic control and aviation safety inspector workforces and growing both is a top priority for the FAA.” 

Air Traffic Controller Hiring 

Groundbreaking initiatives: Under the leadership of Transportation Secretary Sean P. Duffy and Deputy Administrator Chris Rocheleau, the FAA has taken unprecedented action to speed up air traffic controller hiring and training. During a supercharged hiring initiative in March, the FAA streamlined the process while qualifying and referring more than 8,320 candidates to the controller aptitude exam. While it previously took more than 13 months from application to admission into the FAA Academy, the best and brightest are already entering.  

In May, Secretary Duffy unveiled a new package of actions to further supercharge the air traffic controller workforce, including financial incentives, rewarding Academy graduates who are assigned to hard-to-staff facilities and expediting routine medical and security clearances. 

The FAA also is:   

Initiating a year-round hiring track for experienced controllers from the military and private industry.
Filling every seat at the FAA Academy and increasing classroom capacity. 
Expanding the Enhanced Air Traffic – Collegiate Training Initiative (AT-CTI), which allows students who complete the coursework to bypass the Academy and report directly to an FAA facility to begin their training.    
Deploying upgraded Tower Simulation Systems at 95 facilities, which can reduce training times by up to 27 percent. 

Aviation Safety Inspector/Engineer Hiring 

What they do: Employees in the FAA’s Aviation Safety (AVS) division perform critical functions, including monitoring and enforcing compliance with regulations, investigating accidents and incidents, certifying aircraft, personnel, equipment and avionics and administering the FAA’s medical programs.     

Challenges: AVS must keep up with rapid technological advancements such as advanced materials for aircraft structures, systems, alternate fuels, airports, and airspace; innovative electric and hybrid systems; and the impact of artificial intelligence and machine learning.    

A robust hiring strategy: Initiatives to recruit skilled and experienced inspectors, engineers, and medical officers include:   

On-the-spot hiring authority to expedite hiring safety inspectors, engineers and medical officers. 
Relocation incentives for hard-to-staff areas. 
Premium pay incentive for medical officers. 
Recruitment incentives for hard-to-fill positions.  
"
U.S. Transportation Secretary Sean P. Duffy Unveils Proposed Rule to Unleash American Drone Dominance as Part of His Innovation Agenda,"Wednesday, August 6, 2025",https://www.faa.gov/newsroom/us-transportation-secretary-sean-p-duffy-unveils-proposed-rule-unleash-american-drone,"WASHINGTON, D.C. — Today, U.S. Transportation Secretary Sean P. Duffy unveiled a new proposed rule – Beyond Visual Line of Sight (BVLOS). This rule will unleash American innovation safely integrate unmanned aircraft systems (UAS) into the national airspace system.

For more information about the proposed rule, see our fact sheet.

""We are making the future of our aviation a reality and unleashing American drone dominance. From drones delivering medicine to unmanned aircraft surveying crops, this technology will fundamentally change the way we interact with the world,"" said U.S. Transportation Secretary Sean P. Duffy. ""Our new rule will reform outdated regulations that were holding innovators back while also enhancing safety in our skies. Thanks to President Trump, America – not China – will lead the way in this exciting new technology.""

Previously, operators would have to get individual waivers or exemptions to use their drones without visual line of sight. These were approved on a case-by-case basis, and the process was cumbersome. By eliminating these requirements for BVLOS operations, the proposal will significantly expand the use-case for drone technologies in areas like: manufacturing, farming, energy production, filmmaking, and the movement of products including lifesaving medications.  

""Normalizing BVLOS flights is key to realizing drones’ societal and economic benefits,"" said FAA Administrator Bryan Bedford. ""Package delivery, agriculture, aerial surveying, public safety, recreation, and flight testing are just some of the uses we expect to see as we enable these innovative technologies while maintaining the safety of our National Airspace System.""

""Today’s NPRM is a bold, forward-looking step that helps unlock the full potential of BVLOS drone operations, transforming how we monitor infrastructure, deliver critical supplies, advance precision agriculture, and speed up emergency response. Under President Trump’s leadership, we are giving innovators a predictable, scalable pathway to conduct BVLOS missions, to ensure that the United States remains the global leader in drone technology. We look forward to public comment on this critical rulemaking,"" said Michael Kratsios, Director of the White House Office of Science and Technology Policy.

The proposal also includes updated requirements for manufacturers, operators, and drone traffic-management services to keep BVLOS drones safely separated from each other and from manned aircraft. 

Additional Information:

The Transportation Security Administration (TSA) is a partner in developing this rule.

The FAA encourages people to submit comments in the Federal Register. The comment period will be open for 60 days following publication and will not be extended. 

You can read more about Secretary Duffy’s broader transportation innovation agenda.
 "
FAA Drone Detection Testing,"Friday, June 13, 2025",https://www.faa.gov/newsroom/faa-drone-detection-testing-0,"The FAA will conduct drone-detection testing near Santa Teresa, New Mexico, from June 16-27. 

The FAA’s Center of Excellence for UAS Research (ASSURE), in coordination with U.S. Customs and Border Protection and the Doña Ana County International Jetport, will conduct the testing. State and local first responders will also participate.  

This is the third in a series of off-airport tests the FAA has planned. The agency conducted the first test in Alaska and then near Cape May, New Jersey. The FAA selected the New Mexico location for its hot and arid climate, which supports the testing objectives. Additional testing is scheduled in North Dakota and Mississippi later this year.  

The FAA will operate several large drones and about 100 commercial off-the-shelf drones during the two-week period. Testing will take place over the desert and near the old Rio Grande Speedway during the daytime on weekdays only. The public should not fly recreational drones near this area during the testing period.

The agency has been testing drone-detection technologies at airports over the last few years and is expanding testing to off-airport locations. These tests will help determine the effectiveness of these technologies and whether they might interfere with FAA or aircraft navigation systems.   

The FAA will provide b-roll from the testing in New Mexico the week of June 23.  

Additional Background 

The FAA receives more than 100 drone-sighting reports near airports each month, and we want to send a clear message that operating drones around airplanes, helicopters, and airports is dangerous and illegal.  

On March 16, 2023, the FAA chartered the UAS Detection and Mitigation Systems Aviation Rulemaking Committee to advise the agency on safely integrating drone detection and mitigation systems. The ARC made 46 recommendations on ensuring systems do not interfere with the safe and efficient operation of the National Airspace System. We have incorporated many of the recommendations into our work to safely integrate them. 
 "
U.S. Transportation Secretary Sean P. Duffy and U.S. Sen. Ted Cruz Announce Texas A&M Will Lead the Center for Advanced Aviation Technologies,"Wednesday, April 23, 2025",https://www.faa.gov/newsroom/us-transportation-secretary-sean-p-duffy-and-us-sen-ted-cruz-announce-texas-am-will-lead,"WASHINGTON, D.C. –U.S. Transportation Secretary Sean P. Duffy and U.S. Senator Ted Cruz (R-TX) today announced that Texas A&M University System (TAMUS) will be the managing entity to establish and operate the Federal Aviation Administration (FAA)’s Center for Advanced Aviation Technologies (CAAT).

“Texas is the perfect place for our new Center for Advanced Aviation Technologies. Under Senator Cruz’s leadership, the state has already established itself as a leader in commercial drone safety testing,” said U.S. Transportation Secretary Sean P. Duffy. “From drones delivering your packages to powered lift technologies like air taxis, we are at the cusp of an aviation revolution. The CAAT will ensure we make that dream a reality and unleash American innovation safely.” 

“When I authored the bipartisan FAA Reauthorization Act of 2024, I wrote the language creating the Center for Advanced Aviation Technologies with the express intention of bringing that Center to the Dallas-Fort Worth area because of the groundbreaking innovation occurring there. I’m confident this new research and testing center will help the private sector create thousands of high-paying jobs and grow the Texas economy through billions in new investments. I am thankful to Secretary Duffy for recognizing the value of placing the new center in Texas, and I’m grateful to see the Texas A&M System leading this initiative and cultivating the next generation of aviation leaders. This is a significant win for Texas that will impact communities across our state, and I will continue to pursue policies that create new jobs and ensure the Lone Star State continues to lead the way in innovation and the manufacturing of emerging aviation technologies,” said U.S. Senator Ted Cruz.

The CAAT will play a pivotal role in advancing aviation technologies and ensuring their safe integration into the National Airspace System (NAS). The center will also represent a collaboration between government, academia, and industry to drive innovation in aviation.

The FAA previously authorized a North Texas test site where multiple companies are conducting commercial drone operations to deliver packages in the same airspace while keeping their drones safely deconflicted using Unmanned Aircraft System Traffic Management (UTM) technology. The FAA has also authorized public safety operations in this airspace.

Background:

The FAA is establishing the CAAT to focus on the testing and integration of new and emerging aviation technologies, including Advanced Air Mobility (AAM). The FAA Reauthorization Act of 2024 (Public Law 118-63) requires the FAA to develop a CAAT consisting of an airspace laboratory, flight demonstration zones, and testing corridors.

Twenty-eight proposals were received from entities across multiple states, TAMUS was selected to manage the center because of its:

Proximity to major international airports and a FAA regional headquarters
Existing infrastructure for advanced aviation technology testing
Strong academic programs and industry partnerships
	 
"
FAA Drone Detection Testing,"Friday, April 11, 2025",https://www.faa.gov/newsroom/faa-drone-detection-testing,"The FAA will conduct drone-detection testing in Cape May, New Jersey, between April 14-25. 

The FAA’s Center of Excellence for UAS Research (ASSURE) will conduct the testing. The Delaware River Bay Authority Police and other local first responders will also participate. 

The FAA will operate several large drones and more than 100 commercial off-the-shelf drones during the two-week period. Testing will take place over the water and near the Cape May Ferry Terminal during the daytime on weekdays only. The public should not fly recreational drones near this area during the test period. 

The agency has been testing drone detection technologies at airports over the last few years and is expanding testing to off-airport locations. These tests will help determine the effectiveness of these technologies and whether they might interfere with FAA or aircraft navigation systems.  

The FAA conducted the first of these off-airport tests in Alaska and will conduct additional testing in New Mexico, North Dakota and Mississippi later this year.

The FAA will provide b-roll next week. 

Additional Background

The FAA receives more than 100 drone-sighting reports near airports each month, and we want to send a clear message that operating drones around airplanes, helicopters, and airports is dangerous and illegal. 

On March 16, 2023, the FAA chartered the UAS Detection and Mitigation Systems Aviation Rulemaking Committee to advise the agency on safely integrating drone detection and mitigation systems. The ARC made 46 recommendations on ensuring systems do not interfere with the safe and efficient operation of the National Airspace System. We have incorporated many of the recommendations into our work to safely integrate them.
 "
FAA Designates New Orleans Area a ‘No Drone Zone’ for Super Bowl LIX,"Friday, January 31, 2025",https://www.faa.gov/newsroom/faa-designates-new-orleans-area-no-drone-zone-super-bowl-lix,"WASHINGTON – Caesars Superdome in New Orleans is a ‘No Drone Zone’ for Super Bowl LIX. Drones also are prohibited around the downtown area during the days leading up to the event. Drone operators who enter the restricted areas without permission could face drone confiscation, fines up to $75,000 and potential criminal prosecution. 
 
Drones will be restricted during the following times and days: 
 
Game Day, Sunday, Feb. 9 

Restrictions begin at 1:30 p.m. CST within 1.5 nautical miles of the stadium up to 2,000 feet in altitude.  
The restrictions expand between 4:30 until 10:30 p.m. CST to a 30-nautical-mile radius and up to 18,000 feet in altitude.  

 
Before Game Day, Feb. 3-8 

Restrictions around Lafayette Square for 1.5 nautical miles up to an altitude of 2,000 feet.  
	
February 3 between 4 p.m. and 11 p.m. 
February 5 between 2 p.m. and 11 p.m. 
February 6 between noon and 11 p.m. 
February 7 between 2 p.m. and 11 p.m. 
February 8 between 9 a.m. and 11 p.m.  



Additional details are available in the Super Bowl LIX Flight Advisory.  
 
Detailed information for general aviation and drone pilots is available on the FAA’s Super Bowl LIX webpage.   
 "
